destination	size	sha256	url	project_id	file_id	name
mods/ad_astra-forge-1.20.1-1.15.20.jar	7508861	99E274894AF7C3B01622A74775A9960B5857B35951888414E733F8C2EC683F26	https://edge.forgecdn.net/files/6262/032/ad_astra-forge-1.20.1-1.15.20.jar	635042	6262032	Ad Astra
mods/ad_astra_rocketed-forge-1.20.1-1.0.5.jar	4247529	5C8AAC1F11DAF225AFB2DA30ED1672E944C9426BCA135DC9FAE20EE4B3220E80	https://edge.forgecdn.net/files/5245/376/ad_astra_rocketed-forge-1.20.1-1.0.5.jar	996980	5245376	Ad Astra: Rocketed
mods/AdvancedBackups-forge-1.20-3.7.1.jar	338727	EB471FBD7DE564E6B12890359546D280D5723E09867A3104EA31C7285ADA6942	https://edge.forgecdn.net/files/6148/221/AdvancedBackups-forge-1.20-3.7.1.jar	876284	6148221	Advanced Backups
mods/advancementnomore-1.20.1-1.0.1.jar	6549	A8CBE435DB7A3C83BFB56D64E33B27D5CF44D048B3E5F156DF106D6DEDD8B050	https://edge.forgecdn.net/files/6824/124/advancementnomore-1.20.1-1.0.1.jar	1315943	6824124	AdvancementNoMore
mods/ae2ct-1.20.1-1.1.1.jar	242196	0996CD736E5A951593F94125C059710800056DE8DEF77995DEB7BA6B50099367	https://edge.forgecdn.net/files/7182/165/ae2ct-1.20.1-1.1.1.jar	1086241	7182165	AE2: Crafting Tree
mods/ae2insertexportcard-1.20.1-1.3.0.jar	213744	329DFF2184EDC476E7261B073F17239015636543A22C16DF1161FAFE547D6B1C	https://edge.forgecdn.net/files/5551/629/ae2insertexportcard-1.20.1-1.3.0.jar	982512	5551629	AE2 Import Export Card
mods/AE2NetworkAnalyzer-1.20-1.0.6-forge.jar	827642	9C10AB288402B6A01815D58029298FC56DD482F045511AD35104B17E9B6C4393	https://edge.forgecdn.net/files/5107/131/AE2NetworkAnalyzer-1.20-1.0.6-forge.jar	961856	5107131	AE2 Network Analyser
mods/AE2ToggleableViewCell-1.20.1-1.1.0.jar	201310	C08A7E4C180310A457B0B83B76863AD4017BD25B64DC07B9AD14D4293B97BB47	https://edge.forgecdn.net/files/8054/118/AE2ToggleableViewCell-1.20.1-1.1.0.jar	1141472	8054118	AE2 Toggleable View Cell
mods/ae2wtlib-15.3.3-forge.jar	229518	39E5CEDE37D5C6A07592D6C1E83398791E037F3D434BC44F7460CD085A4DE5F4	https://edge.forgecdn.net/files/7251/206/ae2wtlib-15.3.3-forge.jar	459929	7251206	Applied Energistics 2 Wireless Terminals
mods/AI-Improvements-1.20-0.5.2.jar	29553	575A4A8E00F982C064D54BB3E73E5CDA2D14414DE054A471A3DAF3F58BDF560A	https://edge.forgecdn.net/files/4578/262/AI-Improvements-1.20-0.5.2.jar	233019	4578262	AI Improvements
mods/alltheleaks-1.1.1+1.20.1-forge.jar	1187126	7B8E945DA294B745E6AED9F88F28E232A767E032D7C2B8137A8EF36421D9FB33	https://edge.forgecdn.net/files/7235/989/alltheleaks-1.1.1+1.20.1-forge.jar	1091339	7235989	AllTheLeaks (Memory Leak Fix)
mods/alternate_current-mc1.20-1.7.0.jar	36703	9DFA5365EF170323612D6ADA820B7CAC12E05135F00F16D0F627488426F59565	https://edge.forgecdn.net/files/4721/662/alternate_current-mc1.20-1.7.0.jar	548115	4721662	Alternate Current
mods/API-pandalib-forge-mc1.20-0.5.2-SNAPSHOT.jar	864398	1595C586E9C3E7E9A455D23B1686CC82F8D9E11578EFD86A10A7031995301390	https://edge.forgecdn.net/files/6245/108/pandalib-forge-mc1.20-0.5.2-SNAPSHOT.jar	975460	6245108	PandaLib 0.5.2
mods/Apotheosis-1.20.1-7.4.8.jar	2803994	5ED8C17CF62837BB649D1054E3E4FE93C4D9BDEC98FE9F332E2637A260DA30DA	https://edge.forgecdn.net/files/6461/960/Apotheosis-1.20.1-7.4.8.jar	313970	6461960	Apotheosis
mods/ApothicAttributes-1.20.1-1.3.7.jar	227511	68487B11C0D4E2F67A85F2B04BF65E99AC15294F2923F4391F83E9542293187A	https://edge.forgecdn.net/files/5634/071/ApothicAttributes-1.20.1-1.3.7.jar	898963	5634071	Apothic Attributes
mods/appleskin-forge-mc1.20.1-2.5.1.jar	47428	E12419E43E3BABC810AF289403C5CD96BD7F09809B389ACC6BB2F122B4B2A426	https://edge.forgecdn.net/files/4770/828/appleskin-forge-mc1.20.1-2.5.1.jar	248787	4770828	AppleSkin
mods/applied-botanics-forge-1.5.2.jar	255276	B6003288CA4E41E4DEF0390665167ECE13AAF548BF6DA8941084221D0CF8D5C2	https://edge.forgecdn.net/files/7427/985/applied-botanics-forge-1.5.2.jar	610632	7427985	Applied Botanics Addon
mods/architectury-9.2.14-forge.jar	580602	218B471D0B8A1F6CDA14CFC1BEB9EEB0DF54304500ACC6C5613D9B88EC65D9AF	https://edge.forgecdn.net/files/5137/938/architectury-9.2.14-forge.jar	419699	5137938	Architectury API
mods/armorpointspp-forge-1.20-3.1.1.jar	186794	95BB87C7324F0EE1680F5465E6E2ED73FBA6A19BB90E58F0CA28FF3FF062FDFA	https://edge.forgecdn.net/files/4613/606/armorpointspp-forge-1.20-3.1.1.jar	396094	4613606	Armor Points ++
mods/ars_nouveau-1.20.1-4.12.7-all.jar	12430237	1F1DEBC282A0C379C1141F2840EA294EEDE6F6B544C589663F40BBE17B59A1AF	https://edge.forgecdn.net/files/6688/854/ars_nouveau-1.20.1-4.12.7-all.jar	401955	6688854	Ars Nouveau
mods/arseng-1.2.0.jar	147418	02850730D3535AFEB19D94311C31693EE1986D07795934E4DC50282F7956E827	https://edge.forgecdn.net/files/5504/444/arseng-1.2.0.jar	905641	5504444	Ars Énergistique
mods/arsmeteorites-1.20.1-1.1.8.jar	64447	C76D7575AE8AE94A52C63952BE7594D87452BF7304DCCE9E6E6338B83063AB3B	https://edge.forgecdn.net/files/7657/876/arsmeteorites-1.20.1-1.1.8.jar	1278083	7657876	Ars Meteorites
mods/async-locator-forge-1.20-1.3.0.jar	264951	D171FDDDD8DAD64CBA4C8C67CD2A0BDFC2697FF35E11F9FB666B7464E1E9468B	https://edge.forgecdn.net/files/4603/343/async-locator-forge-1.20-1.3.0.jar	625069	4603343	Async Locator
mods/AsyncParticles-20.1.1.0+1.20.1.jar	1904800	2A3296C25669CF9512361103D5F08B360C347EEEEB26ACBFCCB15821F298ECD9	https://edge.forgecdn.net/files/8394/471/AsyncParticles-20.1.1.0+1.20.1.jar	1215753	8394471	AsyncParticles
mods/atg-2.0.3+1.20.1.jar	18890	B41CC9AF0C4E147A10345E8160D975A5BD75D149F54279217B07990BA5BFF599	https://edge.forgecdn.net/files/6224/419/atg-2.0.3+1.20.1.jar	934895	6224419	Attack Through Grass
mods/athena-forge-1.20.1-3.1.2.jar	91808	64EEC9CFFB8847A459536096AC396B135FFB07C7D9D13C6A47D9CD7B251276AB	https://edge.forgecdn.net/files/5176/879/athena-forge-1.20.1-3.1.2.jar	841890	5176879	Athena
mods/AttributeFix-Forge-1.20.1-21.0.5.jar	19499	43CCFD91C1A24D1B3C9D3CCF2DD6A86E9F0C2BA442B111A2238FBFF3CF88AF11	https://edge.forgecdn.net/files/7612/291/AttributeFix-Forge-1.20.1-21.0.5.jar	280510	7612291	AttributeFix
mods/BadOptimizations-2.4.1-1.20.1.jar	460234	3DA53CDF856757D9EC7DF0BE86BC23B2C7D67A019B490F8F64317D4D9B77CAC8	https://edge.forgecdn.net/files/7338/200/BadOptimizations-2.4.1-1.20.1.jar	949555	7338200	BadOptimizations
mods/balm-forge-1.20.1-7.3.39-all.jar	601013	BF8A600D9004443E7CF49C2597434E3F3B0E7E02BBE4DDEB1625458ACF2206A2	https://edge.forgecdn.net/files/8362/090/balm-forge-1.20.1-7.3.39-all.jar	531761	8362090	Balm
mods/betterp2p-1.5.0-forge.jar	262302	AF3DB500145F352A21BC2CD86D1F854E5F3C1486A8659B493A5B2FBC3BA0776F	https://edge.forgecdn.net/files/6015/618/betterp2p-1.5.0-forge.jar	538092	6015618	Better P2P
mods/bocchium-1.20.1-0.0.3.jar	10201	8CD971CC5774AED3B02B67810891837ADC7E348C8A45BE0590D28EA110FDB9FA	https://edge.forgecdn.net/files/5086/758/bocchium-1.20.1-0.0.3.jar	905450	5086758	Bocchium
mods/Botania-1.20.1-454-FORGE.jar	12211755	4B12D7BE6A6BC1E121A222AB8EA4F680306B1AAA2369CCCD4A49441E3C2024C5	https://edge.forgecdn.net/files/8370/023/Botania-1.20.1-454-FORGE.jar	225643	8370023	Botania
mods/botarium-forge-1.20.1-2.3.4.jar	157633	470810A364FF4AD4D4FCD4E55798263938FC893970EACECC58E8B741A392B1CF	https://edge.forgecdn.net/files/5486/070/botarium-forge-1.20.1-2.3.4.jar	704113	5486070	Botarium
mods/buildinggadgets2-1.0.8.jar	3833683	59EFB399A4ACDB69A01A970B1F1E3C5584495AABC726FF40857AB4AED9372C83	https://edge.forgecdn.net/files/6850/495/buildinggadgets2-1.0.8.jar	298187	6850495	Building Gadgets
mods/calculatoroverlay-1.0.3.jar.disabled	21220	F648E0551B4931B7E36C7690D8A2D3DE8A363A63571ECDE0FF0DD7814FB4AFEB	https://edge.forgecdn.net/files/8079/644/calculatoroverlay-1.0.3.jar	1514315	8079644	CalculatorOverlay
mods/camera-forge-1.20.1-1.0.20.jar.disabled	299726	593F3A9C0BAF09D7BAF8F9EC44B882716C43FBF11D5CBFF607C9F7FA3EC9AEB8	https://edge.forgecdn.net/files/6480/231/camera-forge-1.20.1-1.0.20.jar	289310	6480231	Camera Mod
mods/chisel-forge-2.0.0+mc1.20.1.jar.disabled	8265809	F6EBB48DE0A954349A5F0D607F7955E898A87DAE45FB7CF71878F4BAC56653C1	https://edge.forgecdn.net/files/6266/130/chisel-forge-2.0.0+mc1.20.1.jar	551763	6266130	Chisel Reborn [Forge/Fabric/NeoForge]
mods/chloride-FORGE-mc1.20.1-v1.7.7.jar	956960	E843D67CF01E93CEE9CBFA99A09B77CC811BDEF293976AF52D48D20E16A7F90D	https://edge.forgecdn.net/files/8064/899/chloride-FORGE-mc1.20.1-v1.7.7.jar	931925	8064899	Chloride (Previously Embeddium++/Sodium++)
mods/clienttweaks-forge-1.20.1-11.1.8.jar	174804	EE06EC96D75EBF4CDBD96BFC5BDEA18FBF3457F7A395C040C9228BDD0D90BF47	https://edge.forgecdn.net/files/8370/983/clienttweaks-forge-1.20.1-11.1.8.jar	251407	8370983	Client Tweaks
mods/cloth-config-11.1.136-forge.jar	1181413	1E895E85CF5B1E1905EF3178EC155C8BADFE22A1577B92C09143A5AA1F4CE0F2	https://edge.forgecdn.net/files/5729/105/cloth-config-11.1.136-forge.jar	348521	5729105	Cloth Config API (Fabric/Forge/NeoForge)
mods/CmplAdd-EuphoriaPatcher-1.7.7-r5.6.1-forge.jar	2246215	9B7B9613A1FBA2498EBFA79C9F8899C32364FD95C6D13615B94AF755A48C3B9C	https://edge.forgecdn.net/files/7214/963/EuphoriaPatcher-1.7.7-r5.6.1-forge.jar	915902	7214963	Euphoria Patcher 1.7.7 r5.6.1 Forge
mods/configuration-forge-1.20.1-3.1.0.jar	439661	179CA1A9928920A5D89D73D308E0E78F59083E4E44D869D5CF23A9087FD52C3D	https://edge.forgecdn.net/files/5840/405/configuration-forge-1.20.1-3.1.0.jar	444699	5840405	Configuration
mods/constructionwand-1.20.1-2.11.jar	210312	B55CA6F0E734BAD848ADB06949675136F1D05CB4FB3EFDDE084C9842C40E1EEC	https://edge.forgecdn.net/files/4684/054/constructionwand-1.20.1-2.11.jar	399558	4684054	Construction Wand
mods/Controlling-forge-1.20.1-12.0.2.jar	115280	516308A93824119F6A1EBC75425AA21EE8F8DE0C331942793A054BA6D9C24944	https://edge.forgecdn.net/files/4646/682/Controlling-forge-1.20.1-12.0.2.jar	250398	4646682	Controlling
mods/Corgilib-Forge-1.20.1-4.0.3.4.jar	360700	9E638C7E73D997BB4ECBA4AA40DE90E89DD15FDBC4235FB997EED9AD43C10CD3	https://edge.forgecdn.net/files/6616/784/Corgilib-Forge-1.20.1-4.0.3.4.jar	693313	6616784	CorgiLib
mods/coroutil-forge-1.20.1-1.3.7.jar	64187	11448808A42C17425CF2EA39701841008683D6AD6E2838A34EEF0253251A870F	https://edge.forgecdn.net/files/5096/038/coroutil-forge-1.20.1-1.3.7.jar	237749	5096038	CoroUtil
mods/corpse-forge-1.20.1-1.0.23.jar	245644	8D77C5FC8DC981C750A8E66D4665F055457F748F0CE49A303D9BC50347BDBF7C	https://edge.forgecdn.net/files/7018/272/corpse-forge-1.20.1-1.0.23.jar	316582	7018272	Corpse
mods/cosmeticarmorreworked-1.20.1-v1a.jar	88752	C790E8671625B05EC0AA19272E0EA74EA95619F953E3C6F39A6736AF0D386804	https://edge.forgecdn.net/files/4600/191/cosmeticarmorreworked-1.20.1-v1a.jar	237307	4600191	Cosmetic Armor Reworked
mods/craftingtweaks-forge-1.20.1-18.2.9.jar	230696	1CC83C8C0BEE73A2FFA3428CE28E3C17D7F95E26E1A820D8BD7270E0931F8974	https://edge.forgecdn.net/files/8019/501/craftingtweaks-forge-1.20.1-18.2.9.jar	233071	8019501	Crafting Tweaks
mods/CreativeCore_FORGE_v2.12.39_mc1.20.1.jar	1144128	3565DDEA132785A044DDFCA670610A870C976E52D47A957D0A5F1DB78563D046	https://edge.forgecdn.net/files/8304/882/CreativeCore_FORGE_v2.12.39_mc1.20.1.jar	257814	8304882	CreativeCore
mods/cryonicconfig-forge-1.0.0+mc1.20.1.jar	133781	51FFC8832EEC0FCE716ECAB9CD148CA7408B63963A1728B06DF45D8CFB2EB04A	https://edge.forgecdn.net/files/6247/797/cryonicconfig-forge-1.0.0+mc1.20.1.jar	1208896	6247797	Cryonic Config
mods/CullLessLeaves-Reforged-1.20.1-1.0.5.jar	22474	B91CA5CD028B1C919E28851B984EDD61874D44AD8038CDEEE87315D2656CB292	https://edge.forgecdn.net/files/4917/082/CullLessLeaves-Reforged-1.20.1-1.0.5.jar	840788	4917082	CullLessLeaves Reforged (Unofficial)
mods/curios-forge-5.14.1+1.20.1.jar	398066	1E817919A35B37CF30524AAEC73F0CA5130452F23F168F844854DF282EB8E51F	https://edge.forgecdn.net/files/6418/456/curios-forge-5.14.1+1.20.1.jar	309927	6418456	Curios API (Forge/NeoForge)
mods/deeperdarker-forge-1.20.1-1.3.3.jar	17844266	D07DC6155E0B751C7D1EC26DABB7284A41798C85E48B0D809FD1254E489ED455	https://edge.forgecdn.net/files/5906/086/deeperdarker-forge-1.20.1-1.3.3.jar	659011	5906086	Deeper and Darker
mods/defaultoptions-forge-1.20.1-18.0.5.jar	101393	28A34106F7DC91015BC202924593E7A375C9D4DD2681AEC58F5ABD06FA5EAEEE	https://edge.forgecdn.net/files/8286/304/defaultoptions-forge-1.20.1-18.0.5.jar	232131	8286304	Default Options
mods/doespotatotick-1.20.1-5.6.3.jar	46932	5AA62C1B236E79136D8E4EF60544385C5AE0D6F37C34FE1A70EAAF3D179E5A66	https://edge.forgecdn.net/files/7953/843/doespotatotick-1.20.1-5.6.3.jar	825355	7953843	DoesPotatoTick?
mods/Dungeon Crawl-1.20.1-2.3.15.jar	758123	71E1B8CEAF20C3102AE42EF2761CA47F30FE4CBD20ECBB687DF2CE75D1785514	https://edge.forgecdn.net/files/6047/153/Dungeon%20Crawl-1.20.1-2.3.15.jar	324973	6047153	Dungeon Crawl
mods/DungeonsArise-1.20.x-2.1.58-release.jar	8762342	F8F1254DBE7ED7C1D5403F20361A36F0D0587C82B71313E3F427C7F1CE7C8A90	https://edge.forgecdn.net/files/4983/862/DungeonsArise-1.20.x-2.1.58-release.jar	442508	4983862	When Dungeons Arise - Forge!
mods/duplicationless-1.20.1-1.2.0.jar	988325	11DE4457532813E7C60A01E38883D663A316C9855170A8F9CFD65A59DE16743C	https://edge.forgecdn.net/files/8122/781/duplicationless-1.20.1-1.2.0.jar	1380105	8122781	Duplicationless
mods/easy-villagers-forge-1.20.1-1.1.39.jar	414686	F2826C6F4BE28DF912D263F7914888F1B173C09DC99CC41998013E817D0DFB1D	https://edge.forgecdn.net/files/7202/309/easy-villagers-forge-1.20.1-1.1.39.jar	400514	7202309	Easy Villagers
mods/effortlessbuilding-1.20.1-3.11.jar.disabled	2326090	C40EE9A5B49FB4721E6E6A629D6236A640B6DA76F95E3F636C77DB8F2EB92DC2	https://edge.forgecdn.net/files/7944/965/effortlessbuilding-1.20.1-3.11.jar	302113	7944965	Effortless Building
mods/elevatorid-1.20.1-1.9.1-forge.jar	187868	7487C091BC8E6AE7B83C61471C97258B380FAB2A0F421ED84DF78F92BA630F75	https://edge.forgecdn.net/files/6602/224/elevatorid-1.20.1-1.9.1-forge.jar	250832	6602224	OpenBlocks Elevator
mods/embeddium-0.3.31+mc1.20.1.jar	1320675	EED3D1325F2ACC2FD4E69BB495E5CCB91D962126AC5330F0582EBC2A3DAF47FB	https://edge.forgecdn.net/files/5681/725/embeddium-0.3.31+mc1.20.1.jar	908741	5681725	Embeddium
mods/emi-1.1.24+1.20.1+forge.jar	1121750	92784DCF5222D72983A420C90F2E9240468EE0FECE96F757C82D7884B6CBDB72	https://edge.forgecdn.net/files/8081/375/emi-1.1.24+1.20.1+forge.jar	580555	8081375	EMI
mods/emitrades-forge-1.2.1+mc1.20.1.jar	53378	166874F0F4C9E269CAB646AC03A2DEC93A261B544670AFA98E2EB06275D52A86	https://edge.forgecdn.net/files/4901/194/emitrades-forge-1.2.1+mc1.20.1.jar	735523	4901194	EMI Trades (Villager Trading EMI Plugin)
mods/endrem_forge-5.3.3-R-1.20.1.jar	889634	19295CA4A798F2E813F359FA376F586BC57FADACD78B7E32440257F9F8BF2557	https://edge.forgecdn.net/files/5598/990/endrem_forge-5.3.3-R-1.20.1.jar	404183	5598990	End Remastered [NeoForge/Fabric]
mods/eventwrapper-forge-1.20.1-1.1.4.jar	1564001	B583DB8E37EFE39D14257F316EBBB20D502E3F063F21E367595E54085C1D5DE1	https://edge.forgecdn.net/files/7182/179/eventwrapper-forge-1.20.1-1.1.4.jar	1256971	7182179	Event Wrapper
mods/ExplorersCompass-1.20.1-1.4.0-forge.jar	174387	0D9A7705F39A9EAC19C33E0FBE5422280048991A341DC0D9471BFF32111C502C	https://edge.forgecdn.net/files/7892/927/ExplorersCompass-1.20.1-1.4.0-forge.jar	491794	7892927	Explorer's Compass
mods/ExtendedAE-1.20-1.4.17-forge.jar	2961176	44939484CB98D3B69C67605487B7F74C2D9697570C57B16C64A898917868CBE0	https://edge.forgecdn.net/files/8291/632/ExtendedAE-1.20-1.4.17-forge.jar	892005	8291632	ExtendedAE
mods/extrabotany-forge-1.20.1-1.9.2.jar	3869675	1DE99382011D71C25E708107221E70D9A2F9C815A0B847A72317E62234E0AE26	https://edge.forgecdn.net/files/7182/385/extrabotany-forge-1.20.1-1.9.2.jar	1271869	7182385	Extrabotany: Reburn
mods/ExtremeSoundMuffler-3.51-forge-1.20.1.jar.disabled	270331	7F0A5D7F8BDCABB630C3A9034F815628831E7779475A5E707533FA454CFAE83C	https://edge.forgecdn.net/files/7469/697/ExtremeSoundMuffler-3.51-forge-1.20.1.jar	363363	7469697	Extreme sound muffler - (Neo)Forge
mods/factory_blocks-forge-1.4.0+mc1.20.1.jar.disabled	808664	A21E9FF2F8ADD29E7368E933015406F8A3C91DC103BBF16783EA3A3850F23A75	https://edge.forgecdn.net/files/6267/781/factory_blocks-forge-1.4.0+mc1.20.1.jar	640001	6267781	Factory Blocks [Forge/Fabric/NeoForge]
mods/fallingtrees-forge-mc1.20-0.13.2-SNAPSHOT.jar	4025908	6B4853214C5CC156B187B86162DF2DB028C0DDCF90380FA1897068CDE2622DE1	https://edge.forgecdn.net/files/6231/030/fallingtrees-forge-mc1.20-0.13.2-SNAPSHOT.jar	880630	6231030	Panda's Falling Trees 0.13.2
mods/fancymenu_forge_3.9.6_MC_1.20.1.jar	25627507	B01245DF0AFD1780B4272FBCBF55F061B827D23803C86C2A3A76D88314032B92	https://edge.forgecdn.net/files/8328/519/fancymenu_forge_3.9.6_MC_1.20.1.jar	367706	8328519	FancyMenu
mods/FarmersDelight-1.20.1-1.3.2.jar	3313327	47AED94BB9192C4978FE199F9D3CA5895AECCFBE5B5A0869FDF3AA011C2641F7	https://edge.forgecdn.net/files/8083/474/FarmersDelight-1.20.1-1.3.2.jar	398521	8083474	Farmer's Delight
mods/farmersrespite-1.20.1-2.1.2.jar	537307	21C15EF71F66684CBD94080E04649741BDF2B2EA6A6D542783E8961365D090BB	https://edge.forgecdn.net/files/5543/547/farmersrespite-1.20.1-2.1.2.jar	551453	5543547	Farmer's Respite
mods/FastFurnace-1.20.1-8.0.2.jar	6170	970C11C090E7A364E2E006AABB5E573F79901E710E97195334EE5802317776E8	https://edge.forgecdn.net/files/5181/098/FastFurnace-1.20.1-8.0.2.jar	299540	5181098	FastFurnace
mods/FastLeafDecay-32.jar	9835	CE48DB06BFB5830C147969793771A8F8B5A5774B182543B906BC439EFD4E9469	https://edge.forgecdn.net/files/5375/681/FastLeafDecay-32.jar	230976	5375681	Fast Leaf Decay
mods/fastnbt-1.20.1-1.3-forge.jar	9794	D0B60F83F564C3B60D952C0C9A2FCE68A41DC6D8320FD4952664C2CE448C7D80	https://edge.forgecdn.net/files/7834/191/fastnbt-1.20.1-1.3-forge.jar	1417466	7834191	Fast NBT
mods/Fastquit-3.0.1+1.20.1forge.jar	316223	BD427354B03D92606062844DDF3BA1543711FBE68D4E68C7371CEF9E1121F814	https://edge.forgecdn.net/files/6079/815/Fastquit-3.0.1+1.20.1forge.jar	1177884	6079815	FastQuit-Forge
mods/fastrecipesearch-1.20.1-26.1-forge.jar	64093	DC08BB53FE51BE36BDBA61161C9E1392961C4BD14560A9EAF24069805C3EE5F2	https://edge.forgecdn.net/files/7565/972/fastrecipesearch-1.20.1-26.1-forge.jar	1406509	7565972	Fast Recipe Search
mods/fastspawner-1.20.1-1.1.0.jar	10031	270DAD457D93077899C4AC62216261F9A961A6584B9375EB38B6B1824F1EBA0B	https://edge.forgecdn.net/files/7488/350/fastspawner-1.20.1-1.1.0.jar	1310318	7488350	FastSpawner
mods/fasttag-1.20-26.1-forge.jar	9548	86873FFA77B60F75448FD9F64DEEA1DF90D0EA4AEFBFE5F758BFF91975D972A6	https://edge.forgecdn.net/files/8097/646/fasttag-1.20-26.1-forge.jar	1542745	8097646	Fast Tag
mods/FastWorkbench-1.20.1-8.0.4.jar	28188	86D20C6879BF86EF76B3FD94998D3E5C3327ACB5D5324B6EB0B5348354766620	https://edge.forgecdn.net/files/5101/229/FastWorkbench-1.20.1-8.0.4.jar	288885	5101229	FastWorkbench
mods/ferritecore-6.0.1-forge.jar	123034	9C2C9396A49E796D88497758CAA4637D2BCBB433C318E2DD9CEBCFFBAF0F6C54	https://edge.forgecdn.net/files/4810/975/ferritecore-6.0.1-forge.jar	429235	4810975	FerriteCore ((Neo)Forge)
mods/findme-3.2.3-forge.jar	38674	E76860618564A4E7B3C44EA15E30BCE9441BB04259477891633523E186ED77BB	https://edge.forgecdn.net/files/7069/249/findme-3.2.3-forge.jar	291936	7069249	FindMe
mods/fixexperiencebug-1.20-46.2.2.jar	3205	08DC722AAA1BD61B4EE867BADEB830E537B8362633197DD211C772A4A002F42E	https://edge.forgecdn.net/files/4587/408/fixexperiencebug-1.20-46.2.2.jar	486778	4587408	Fix Experience Bug (now with FABRIC and FORGE versions)
mods/flerovium-forge-1.20.1-1.2.19-all.jar	254081	D61ACDAC6509BAE8E5A962876CB623D451FD625EB105A16E020D160DE5635B25	https://edge.forgecdn.net/files/8284/677/flerovium-forge-1.20.1-1.2.19-all.jar	1142875	8284677	Flerovium
mods/flickerfix-1.20.1-4.0.1.jar	5630	6F154F6BD798CDF5A9F3F90C743B396B2162308C69D9713AF22091A18A4746B6	https://edge.forgecdn.net/files/4731/559/flickerfix-1.20.1-4.0.1.jar	431430	4731559	FlickerFix
mods/fluidium-1.20.1-1.4.0.jar	774902	C352872092CC970B7826F5DD1779CDF325FBDB934DC104DD3DCA95440B432E21	https://edge.forgecdn.net/files/7481/405/fluidium-1.20.1-1.4.0.jar	1306029	7481405	Fluidium
mods/FramedBlocks-9.4.3.jar.disabled	4251314	58F4A8D8FB759A9DB8754D83461DF1B7B2E94426888259286D3ACC316E6C6589	https://edge.forgecdn.net/files/7386/520/FramedBlocks-9.4.3.jar	441647	7386520	FramedBlocks
mods/ftb-essentials-forge-2001.2.4.jar	157732	E0022BFE29DC10E373947701DAE1BC4CE75EE15FE21F6D89269677FBB9AEBF73	https://edge.forgecdn.net/files/7609/948/ftb-essentials-forge-2001.2.4.jar	410811	7609948	FTB Essentials (Forge & Fabric)
mods/ftb-library-forge-2001.2.13.jar	780558	41810281B65336265CAE2C88412022D02F2F0A3F28C66A06173D86F98ACF14A7	https://edge.forgecdn.net/files/8226/927/ftb-library-forge-2001.2.13.jar	404465	8226927	FTB Library (NeoForge)
mods/ftb-quests-forge-2001.4.22.jar	1255469	9EA9D159A78A2724CFE0457B024680FDB52A2126EFF9CFA5280A30578F647A68	https://edge.forgecdn.net/files/8078/538/ftb-quests-forge-2001.4.22.jar	289412	8078538	FTB Quests (NeoForge)
mods/ftb-teams-forge-2001.3.2.jar	252579	B1CB4D82EA9F137A87E12A7AAF3329619294B56F7D70337DFD557A76E10B6E07	https://edge.forgecdn.net/files/7499/810/ftb-teams-forge-2001.3.2.jar	404468	7499810	FTB Teams (NeoForge)
mods/ftb-ultimine-forge-2001.1.8.jar	129653	B80DDE55B2C91FD27F09F15ED2AEFB0756C7BD704316E488AE8A06B179E85730	https://edge.forgecdn.net/files/7880/472/ftb-ultimine-forge-2001.1.8.jar	386134	7880472	FTB Ultimine (NeoForge)
mods/ftb-xmod-compat-forge-2.1.3.jar	129725	16A8EB9DE88D5C33D29CB076CC39DFB337B2C54348E1EF1EFE9DD60CF85E5F72	https://edge.forgecdn.net/files/6402/486/ftb-xmod-compat-forge-2.1.3.jar	889915	6402486	FTB XMod Compat
mods/functionalstorage-1.20.1-1.2.13.jar	682220	0D458BCD5C23E53B5479ACDB2E9AC2F762F2A1F3B14951BF3CC4CAFEABEFB687	https://edge.forgecdn.net/files/6702/553/functionalstorage-1.20.1-1.2.13.jar	556861	6702553	Functional Storage
mods/geckolib-forge-1.20.1-4.8.4.jar	1038209	C04ABBA4FD354DD8C0E8A732F1F05F4DCA893D2E1D962B2AB128BBD411478747	https://edge.forgecdn.net/files/8285/794/geckolib-forge-1.20.1-4.8.4.jar	388172	8285794	GeckoLib
mods/GlitchCore-forge-1.20.1-0.0.1.1.jar	87550	E42A8B513DA08A910C133CAEAFAD9FC2FCC22FDAAA2EB3E2516E9112A5A0DB61	https://edge.forgecdn.net/files/5787/839/GlitchCore-forge-1.20.1-0.0.1.1.jar	955399	5787839	GlitchCore
mods/Glodium-1.20-1.5-forge.jar	60550	FC419CB5BF511750C0A2DA498B925F5122AC4F78617ACA6630FE80ABF0B6F460	https://edge.forgecdn.net/files/5226/922/Glodium-1.20-1.5-forge.jar	957920	5226922	Glodium
mods/gnetum-2.4.6.jar	727997	F3AC0D468730EF835B5E974AFEA241D4D8A227378F02B7A04BE129FF038F85A5	https://edge.forgecdn.net/files/8284/344/gnetum-2.4.6.jar	1220460	8284344	Gnetum
mods/gpumemleakfix-1.20.1-1.8.jar	7997	A7019442F1B07B1A4A875FE404D04D162905CC7FD42E0B3C843AEFC7B39EFC46	https://edge.forgecdn.net/files/4884/976/gpumemleakfix-1.20.1-1.8.jar	882495	4884976	fix GPU memory leak
mods/guideme-20.1.15.jar	9414827	CF8052AB3DA121012EFC59A20E731C24BFE7488DFA556C9B88809F42DEA3B24A	https://edge.forgecdn.net/files/8204/776/guideme-20.1.15.jar	1173950	8204776	GuideME
mods/HangGlider-v8.0.1-1.20.1-Forge.jar.disabled	136076	82298214AA3F7225A0AC0ED93EB2CFF8283758AF211029CC00A7819A0FED6A7C	https://edge.forgecdn.net/files/4710/223/HangGlider-v8.0.1-1.20.1-Forge.jar	852668	4710223	Hang Glider
mods/ImmediatelyFast-Forge-1.5.5+1.20.4.jar	532063	82DB19CC65B5C11A444498FB4B8CBCB0393C043E794CB5BF368631A0AF765035	https://edge.forgecdn.net/files/8348/481/ImmediatelyFast-Forge-1.5.5+1.20.4.jar	686911	8348481	ImmediatelyFast
mods/immersive_aircraft-1.4.1+1.20.1-forge.jar	2435800	FE54DD2D78591A16F44600940BC66C7D40A83888F5A9E4623DA888DC6F7421DE	https://edge.forgecdn.net/files/8213/149/immersive_aircraft-1.4.1+1.20.1-forge.jar	666014	8213149	Immersive Aircraft
mods/inventoryessentials-forge-1.20.1-8.2.18.jar	170012	8317C14EF243A6C48C620C691F278AD74A702C9B0790AC18DC698D8EA35CE36C	https://edge.forgecdn.net/files/8362/093/inventoryessentials-forge-1.20.1-8.2.18.jar	368825	8362093	Inventory Essentials
mods/invtweaks-1.20.1-1.2.2.jar	75049	54BA6FD7D5E4B9A9DADF6876153B99A94B4997F8D4EE0E46C9C58EA5C8C95802	https://edge.forgecdn.net/files/6816/947/invtweaks-1.20.1-1.2.2.jar	976858	6816947	Inventory Tweaks - ReFoxed
mods/item-filters-forge-2001.1.0-build.59.jar	110191	99417B1342BA51CCB9611B17AB01FC1299971AA34E8F9D2A8B3C63DF5713EB49	https://edge.forgecdn.net/files/4838/266/item-filters-forge-2001.1.0-build.59.jar	309674	4838266	Item Filters
mods/Jade-1.20.1-Forge-11.13.2.jar	552486	31949971A7A8D5A5BC95AD9D400CBEDFD2D65FFBFB3CEA7C0B2FA3B47431A0A5	https://edge.forgecdn.net/files/6855/440/Jade-1.20.1-Forge-11.13.2.jar	324717	6855440	Jade 🔍
mods/jecharacters-1.20.1-forge-4.6.4.jar	267969	AA2FE8A1D209A6C407C3FB8E9F0152D57F79606F9EF6DBB26B0A24CF05B6923D	https://edge.forgecdn.net/files/8117/466/jecharacters-1.20.1-forge-4.6.4.jar	250702	8117466	Just Enough Characters
mods/jei-1.20.1-forge-15.20.0.133.jar	1409767	4D59C2FD5CEA526E5BD1017BB3166D83BB31AFBA81B3D43CD1F04A0C7DF547BB	https://edge.forgecdn.net/files/8367/520/jei-1.20.1-forge-15.20.0.133.jar	238222	8367520	Just Enough Items (JEI)
mods/JustEnoughResources-1.20.1-1.4.0.247.jar	276231	311D3A83DB489D27B96CD15DEB690CE64C78CFFB552C25C3DFF85956A14EC09E	https://edge.forgecdn.net/files/5057/220/JustEnoughResources-1.20.1-1.4.0.247.jar	240630	5057220	Just Enough Resources (JER)
mods/kleeslabs-forge-1.20.1-15.0.12.jar.disabled	310159	21CF8288E66A77E986AA242F88E46487BEF1C1D8C7FEB4189AA836A2B0B89764	https://edge.forgecdn.net/files/8163/134/kleeslabs-forge-1.20.1-15.0.12.jar	241895	8163134	KleeSlabs
mods/konkrete_forge_1.8.0_MC_1.20-1.20.1.jar	625185	E78686B92C3761EC26EB9D3C53EFDD3D6CA77981CBD3723995E1163B7103AE0B	https://edge.forgecdn.net/files/5028/413/konkrete_forge_1.8.0_MC_1.20-1.20.1.jar	410295	5028413	Konkrete
mods/kotlinforforge-4.12.0-all.jar	7442998	6A66C6A68EC09F8717CDBF06883394F0EE24D7CD826B7134A0F81839E8E720AE	https://edge.forgecdn.net/files/7291/067/kotlinforforge-4.12.0-all.jar	351264	7291067	Kotlin for Forge
mods/KryptonReforged-0.2.3.jar	206758	9B281428D0E7560B7B6E74CDC808C0FFD7A8E662BA84D1A12A6616B49CEDEC10	https://edge.forgecdn.net/files/4606/534/KryptonReforged-0.2.3.jar	549394	4606534	Krypton Reforged
mods/ldlib-forge-1.20.1-1.0.50.jar	3114158	559D2A0CF8F77D7D6487B2C1620A8EE09E6BED94268BE6DF77CBA0F7D8AC5112	https://edge.forgecdn.net/files/7809/449/ldlib-forge-1.20.1-1.0.50.jar	626676	7809449	LDLib
mods/LibX-1.20.1-5.0.14.jar	1258082	6B795BBEEB320A4FC44438BEC23F7937E8C70F7B87E809E044872E37A9AC1B27	https://edge.forgecdn.net/files/5207/625/LibX-1.20.1-5.0.14.jar	412525	5207625	LibX
mods/LittleTiles_BETA_v1.6.0-pre161_mc1.20.1.jar.disabled	2623590	365CFB137E0F3A95F605B45FEA82040AFB0AC4FA1A0FC0DEAEAF59CB35E8BAE4	https://edge.forgecdn.net/files/6610/285/LittleTiles_BETA_v1.6.0-pre161_mc1.20.1.jar	257818	6610285	LittleTiles
mods/Measurements-forge-1.20.1-2.0.1.jar.disabled	43445	5860AA8B107D23BADB9929525A0551F68618B9B9668CFA71A415021613D36005	https://edge.forgecdn.net/files/6426/500/Measurements-forge-1.20.1-2.0.1.jar	478559	6426500	Measurements
mods/melody_forge_1.0.3_MC_1.20.1-1.20.4.jar	37178	933E2A7E79C4594F965F7F7D00B1F28A98EC2A180AD8F9F90310A266FE5CF5D8	https://edge.forgecdn.net/files/5109/692/melody_forge_1.0.3_MC_1.20.1-1.20.4.jar	938643	5109692	Melody
mods/merequester-forge-1.20.1-1.2.1.jar	168495	490DE12BE0237E5699ABA8AE57D9C40A97AE7491D6AE33ECB1FC5D3B30F391EA	https://edge.forgecdn.net/files/8298/547/merequester-forge-1.20.1-1.2.1.jar	688367	8298547	ME Requester
mods/mobtimizations-forge-1.20.1-1.0.1.jar	27943	1713BBF6ABA4E5CDF21854CC8DAF6B4C3893BC175778367273B9B052340AE168	https://edge.forgecdn.net/files/7594/372/mobtimizations-forge-1.20.1-1.0.1.jar	974401	7594372	Mobtimizations - Entity Performance Fixes
mods/modelfix-1.15.jar	45246	35F27982242A3EA58C526204A28704DDF355D19BB2E9B0FF10F9585C255A4F16	https://edge.forgecdn.net/files/5200/949/modelfix-1.15.jar	676136	5200949	Model Gap Fix
mods/modernfix-forge-5.26.2+mc1.20.1.jar	826829	E9F00F787A78A976B8493EAFEEE63FF08FADB31BCB0A1E938D7B940D17AC70AE	https://edge.forgecdn.net/files/7515/215/modernfix-forge-5.26.2+mc1.20.1.jar	790626	7515215	ModernFix
mods/ModernUI-Forge-1.20.1-3.12.0.1-universal.jar	25104473	49FEA599522316EF7ABD8897E8BCAD3ED742D935F0A53726EBA1F00C9CA8FE4C	https://edge.forgecdn.net/files/6956/345/ModernUI-Forge-1.20.1-3.12.0.1-universal.jar	352491	6956345	Modern UI
mods/modular-routers-12.1.1+mc1.20.1.jar	1163834	73927003853E062806916CE6CB009203BD083D0169DE7380E114835A1FB8659D	https://edge.forgecdn.net/files/5056/687/modular-routers-12.1.1+mc1.20.1.jar	250294	5056687	Modular Routers
mods/moremorelang-1.0.4.jar.disabled	394454	AA92107C30FCEE59FA0BBD882B9F26CB9A9A0E88F046C0CDF8477C15218BE788	https://edge.forgecdn.net/files/7828/916/moremorelang-1.0.4.jar	1444917	7828916	MoreMoreLang
mods/morered-1.20.1-4.0.0.4.jar	756905	A5BAA00780254A9982276A99DCEEA035C62D384F07926E3138CB3934F1B808A0	https://edge.forgecdn.net/files/4691/333/morered-1.20.1-4.0.0.4.jar	387638	4691333	More Red
mods/MouseTweaks-forge-mc1.20.1-2.25.1.jar	76237	6C27D16AA715AC6613A55FC463739E2C7B78279E4E4C4CEDE299E4A2D4A70F08	https://edge.forgecdn.net/files/5338/457/MouseTweaks-forge-mc1.20.1-2.25.1.jar	60089	5338457	Mouse Tweaks
mods/MythicBotany-1.20.1-4.0.4.jar	2233413	395CCECF60321FEDE08A5A528087AF273269F21DDCE062270DF6568D405A463D	https://edge.forgecdn.net/files/6702/112/MythicBotany-1.20.1-4.0.4.jar	400058	6702112	MythicBotany
mods/nanhealthfixer-1.20.1-0.0.1.jar	3010	D03619BDA583C0D52848D9225B781D022D406CECF02DA2D5703BEAD81803FE1F	https://edge.forgecdn.net/files/4932/788/nanhealthfixer-1.20.1-0.0.1.jar	828656	4932788	NaN Health Fixer
mods/NaturesCompass-1.20.1-1.12.0-forge.jar	227495	BC3601E9E050802569647DE843FE9D3160934C5F31412CBA62CA2EA8C1485197	https://edge.forgecdn.net/files/7892/948/NaturesCompass-1.20.1-1.12.0-forge.jar	252848	7892948	Nature's Compass
mods/no-telemetry-1.10.0.jar	96316	8E9086FEFD2EF7D65D31946A91B9414A23CD1B777BBAB08855039B130F0B8B2C	https://edge.forgecdn.net/files/7436/494/no-telemetry-1.10.0.jar	530816	7436494	No Telemetry
mods/nolijium-0.5.6.jar	362983	CCB2A49A592AF42AFFFB25D7FCA6CF4FF9B872694CCE24875BEF1C45FBDB3086	https://edge.forgecdn.net/files/6264/798/nolijium-0.5.6.jar	969602	6264798	Nolijium
mods/oculus-mc1.20.1-1.8.0.jar	2851119	0945DF0CBA0F62B3901DD80C3268E5311B770ECE78C78037A45DB12AC0425FEF	https://edge.forgecdn.net/files/6020/952/oculus-mc1.20.1-1.8.0.jar	581495	6020952	Oculus
mods/Oh-The-Biomes-Weve-Gone-Forge-1.8.0.jar	19043613	A6D21A08170DBFB6C3983B571BB2C1CD92AA93109F5B3A9B47101688DD81EA01	https://edge.forgecdn.net/files/8255/932/Oh-The-Biomes-Weve-Gone-Forge-1.8.0.jar	1070751	8255932	Oh The Biomes We've Gone
mods/Oh-The-Trees-Youll-Grow-forge-1.20.1-1.7.0.jar	171966	B3495F6B0FFA38BC5BF7189E29A27EEF0C23B58540DC2F32033889C2943E5694	https://edge.forgecdn.net/files/8282/239/Oh-The-Trees-Youll-Grow-forge-1.20.1-1.7.0.jar	962544	8282239	Oh The Trees You'll Grow
mods/open-parties-and-claims-forge-1.20.1-0.27.5.jar	1665005	5975E16A590A860C34AAF488B8E9A69EB404FE313F7456FE01E77DEDE567C1C1	https://edge.forgecdn.net/files/8230/795/open-parties-and-claims-forge-1.20.1-0.27.5.jar	636608	8230795	Open Parties and Claims
mods/OpenLoader-Forge-1.20.1-19.0.5.jar	23937	56DA03448CE1C63CB0F41E99AE38C5857D663886F9249C234F18B7C0DE44B151	https://edge.forgecdn.net/files/7613/218/OpenLoader-Forge-1.20.1-19.0.5.jar	354339	7613218	Open Loader
mods/Patchouli-1.20.1-85-FORGE.jar	642732	05F7B5D52F6B8F0FD7F8B4822FA07A192D1394D83A264309C9D221D6D4FD21C5	https://edge.forgecdn.net/files/7731/017/Patchouli-1.20.1-85-FORGE.jar	306770	7731017	Patchouli
mods/pipez-forge-1.20.1-1.2.26.jar	431615	F692B0A24C46C954358DB8535248021DEAF3399973C4E746BA1E3E115A8A48C9	https://edge.forgecdn.net/files/6945/379/pipez-forge-1.20.1-1.2.26.jar	443900	6945379	Pipez
mods/Placebo-1.20.1-8.6.3.jar	282474	1CDF906CFBCBB5E5BE2EF1BB721F79A24B01BD2AC559C8CDBFB7693F62421571	https://edge.forgecdn.net/files/6274/231/Placebo-1.20.1-8.6.3.jar	283644	6274231	Placebo
mods/Pretty Rain-1.20.1-Forge-1.1.3.jar.disabled	601125	4D61EF6E1D1B4A3FB4ACFC876FE0CFE14D56AFE2097F952332C8C23838096DDF	https://edge.forgecdn.net/files/6411/988/Pretty%20Rain-1.20.1-Forge-1.1.3.jar	1163800	6411988	Pretty Rain
mods/PuzzlesLib-v8.1.33-1.20.1-Forge.jar	1342987	F3077A9F817629B8E8929C1951042D1A1ADC62D30B72ADEBD54D2B074A4FAF4F	https://edge.forgecdn.net/files/6918/565/PuzzlesLib-v8.1.33-1.20.1-Forge.jar	495476	6918565	Puzzles Lib
mods/radium-mc1.20.1-0.12.4+git.26c9d8e.jar	713454	B42584E2672D6B5329959EC2B0F342395B19389FED0EE4D86EA71072F42F77A0	https://edge.forgecdn.net/files/5706/069/radium-mc1.20.1-0.12.4+git.26c9d8e.jar	570017	5706069	Radium Reforged
mods/redirector-5.0.0.jar	5793	06F4F5AC6BEB817ACF0F9534F77C894B23B729D3A992A646AF36C854099447A8	https://edge.forgecdn.net/files/5224/017/redirector-5.0.0.jar	877289	5224017	Redirector [Modern]
mods/renderblender-1.1.1.jar	779583	A0C35EFFF951F6E669AEBA0D5666566F5BAD4E92F53AF96B79BD968AF8D74C46	https://edge.forgecdn.net/files/7035/162/renderblender-1.1.1.jar	1346485	7035162	Render Blender
mods/resourcefulconfig-forge-1.20.1-2.1.3.jar	136923	C404B9E5CF8595427A72D4CA6EE5730289168762B463F169BE3AE5DFE3727DED	https://edge.forgecdn.net/files/6231/176/resourcefulconfig-forge-1.20.1-2.1.3.jar	714059	6231176	Resourceful Config
mods/resourcefullib-forge-1.20.1-2.1.29.jar	432753	B13AFB95231D88E1CAEA5A045967E0FC291B29020B0D26AD39E6F9E9A551FEE8	https://edge.forgecdn.net/files/5659/871/resourcefullib-forge-1.20.1-2.1.29.jar	570073	5659871	Resourceful Lib
mods/Searchables-forge-1.20.1-1.0.3.jar	77732	C1A76E93886210574D3F298C0461241FB711E52AC22C7A04D3236840F29E6576	https://edge.forgecdn.net/files/5284/015/Searchables-forge-1.20.1-1.0.3.jar	858542	5284015	Searchables
mods/Shrink-1.20.1-1.4.5.jar	88318	A7AF6DC3BC080C470A27FF691152C974BD13CE61E0C0948DAF5EEFECE432ABB1	https://edge.forgecdn.net/files/4863/339/Shrink-1.20.1-1.4.5.jar	426386	4863339	Shrink.
mods/solcarrot-1.20.1-1.15.1.jar	104185	629D6744C8D856C51C74C66EBA4C252C6D62D392DBAF5B24EA690CD8F081E679	https://edge.forgecdn.net/files/4888/575/solcarrot-1.20.1-1.15.1.jar	277616	4888575	Spice of Life: Carrot Edition
mods/sophisticatedbackpacks-1.20.1-3.24.59.1960.jar	1129298	E5B76AF26FBFDE2A200B5C8A9A83A5A77D9AA8A7C6757558783B3DFA37E75E4B	https://edge.forgecdn.net/files/8365/688/sophisticatedbackpacks-1.20.1-3.24.59.1960.jar	422301	8365688	Sophisticated Backpacks
mods/sophisticatedcore-1.20.1-1.3.65.2126.jar	1608481	E87A272C9F46BD7379AFCFC24FC528429B65A6E4E58606971E616890CE0C1DCF	https://edge.forgecdn.net/files/8389/833/sophisticatedcore-1.20.1-1.3.65.2126.jar	618298	8389833	Sophisticated Core
mods/spiceoflife_classic-forge-2.11.jar	114928	9341CF0DA09EC4D4FD92C03C99565820BAED6CFC35DD7B8C92F115B16635CD45	https://edge.forgecdn.net/files/7779/893/spiceoflife_classic-forge-2.11.jar	1109288	7779893	Spice of Life: Classic Edition
mods/structure_layout_optimizer-forge-1.0.11.jar	246413	14BFC4B1E82EA24118402FCCD90DFFDE45FA6D9E2238BFAA19A43B3FB88EE49C	https://edge.forgecdn.net/files/7139/029/structure_layout_optimizer-forge-1.0.11.jar	1087831	7139029	Structure Layout Optimizer
mods/TerraBlender-forge-1.20.1-3.0.1.10.jar	107532	C109016F46CA9BDAE69976BF080BBF2E8E5968CB66C0A78845F8CA6AF5DBBEB1	https://edge.forgecdn.net/files/6290/448/TerraBlender-forge-1.20.1-3.0.1.10.jar	563928	6290448	TerraBlender (Forge)
mods/titanium-1.20.1-3.8.34.jar	622073	9C7781E6E6A82B1D3A8B0E6DDBE4FDF660C697D3DF4305B2065C39C5B33673F8	https://edge.forgecdn.net/files/7949/783/titanium-1.20.1-3.8.34.jar	287342	7949783	Titanium
mods/toofast-1.20-0.4.3.5.jar	3875	5DC0FC5687C43AD9CEC522EBB6EDA9D9C84EDC5B0C401721E91450B1EF57DE5A	https://edge.forgecdn.net/files/4627/738/toofast-1.20-0.4.3.5.jar	550678	4627738	Too Fast
mods/ToolBelt-1.20.1-1.20.03.jar	253933	9C1B8C52D848055D7A4C60989F5B36247431C11D84A2E2975BB1CCFCA2663030	https://edge.forgecdn.net/files/7906/260/ToolBelt-1.20.1-1.20.03.jar	260262	7906260	Tool Belt
mods/torchmaster-20.1.9.jar	119348	7C8984A2DC11C29147D0677958E9146A18578068BC00FBFCB1CDDBAA60557682	https://edge.forgecdn.net/files/5849/456/torchmaster-20.1.9.jar	254268	5849456	Torchmaster
mods/TreeChop-1.20.1-forge-0.19.0-fixed.jar	517225	219FBE5BF8D862DC7B524CA5A0151F66BBA4D53A01010858E136A9E8C4D55D4F	https://edge.forgecdn.net/files/5565/422/TreeChop-1.20.1-forge-0.19.0-fixed.jar	421377	5565422	HT's TreeChop 0.19.0 fixed
mods/usclb-0.0.26.jar	642849	E0783A0698022A99890DFA98BAFA04ABE1FFCBA98361DCB1BE333B62CDD9A105	https://edge.forgecdn.net/files/6664/039/usclb-0.0.26.jar	664224	6664039	Useful Clipboard
mods/xaerominimap-forge-1.20.1-26.2.0.jar	2182785	67B3CCFE92280ED5EE9E58207DA47A73FE452AEF4295239B6430C292B74039B9	https://edge.forgecdn.net/files/8392/656/xaerominimap-forge-1.20.1-26.2.0.jar	263420	8392656	Xaero's Minimap
mods/xaeroworldmap-forge-1.20.1-1.42.0.jar	1409051	BD70E7D7DFD720F15FBD4B1CA7E6B2617D4C51A3C5105D53AAB0D96B07CBF59F	https://edge.forgecdn.net/files/8392/563/xaeroworldmap-forge-1.20.1-1.42.0.jar	317780	8392563	Xaero's World Map
mods/xtonesreworked-1.0.4-F_1.20.1-47.2.0.jar	1315408	038D9F376CA7C49CBC2B04C831751BD64DCEEA936EFAD598A7A50667B0AB9A1A	https://edge.forgecdn.net/files/5907/303/xtonesreworked-1.0.4-F_1.20.1-47.2.0.jar	694231	5907303	Xtones Reworked
mods/YeetusExperimentus-Forge-2.3.1-build.6+mc1.20.1.jar	568278	6DACF5EA0CEC5D6D53E7D002D4A06AC4FA5F7EC665F3932BB6566136E6A7F8ED	https://edge.forgecdn.net/files/4680/832/YeetusExperimentus-Forge-2.3.1-build.6+mc1.20.1.jar	635427	4680832	Yeetus Experimentus
shaderpacks/ComplementaryReimagined_r5.6.1.zip	500696	33153747D25FBEE470ACB42CCF4F26B03CC551BB900D4C6D3389B5500DD84839	https://edge.forgecdn.net/files/7090/226/ComplementaryReimagined_r5.6.1.zip	627557	7090226	Complementary Reimagined r5.6.1
